"Reference","Qty","Value","DNP","Exclude from BOM","Exclude from Board","BLPN","DIGIKEY","PKG","SCLC","SERIES","LCSC"
"C1","1","100μ","","","","","399-A750BK107M1AAAE024-ND","Radial","","A750","C1020041"
"C2,C58,C59,C60","4","220μ","","","","","399-6123-ND","Radial","","ESY","C5113406"
"C3,C4,C5,C8,C11,C12,C13,C18,C20,C22,C24,C28,C29,C32,C34,C37,C39,C43,C44,C45,C49,C50,C51,C52,C53,C54,C55,C56,C57","29","100n","","","","","490-3285-1-ND","0603","","GRM","C77058"
"C6","1","1000μ","","","","","B41866D6108M000","Radial","","B41866","C1650604"
"C7","1","10μ","","","","","490-12456-1-ND","1206","","GRT","C417124"
"C9","1","47μ","","","","","399-ESY476M050AE3AA-ND","Radial","","ESY","C1019527"
"C10","1","33n","","","","","399-C0603C333K5RACTUCT-ND","0603","","SMD Comm X7R","C2169037"
"C14,C15,C16,C17,C19,C21,C30,C31,C36,C38","10","10μ","","","","","490-3886-1-ND","0805","","GRM","C77075"
"C23,C25,C33,C35","4","10n","","","","","490-GRM188R72A103KA01JCT-ND","0603","","GRM","C2187930"
"C26","1","220μ","","","","","P124158CT-ND","SMD","","OS-CON, SVPK","C542293"
"C27","1","22μ","","","","","","1206","","GRM","C91604"
"C40,C41,C42","3","2μ2","","","","","490-6418-1-ND","0603","","GRM","C2167658"
"C46,C47,C48","3","22n","","","","","490-3284-1-ND","0603","","GRM","C426087"
"D1,D4","2","SS34","","","","","SS34FSCT-ND","DO-214AB, SMC","","","C154551"
"D2","1","28V","","","","","SMBJ28A-FDICT-ND","DO-214AA","","SMBJ","C91924"
"D3","1","12V","","","","","BZT52C12S-FDICT-ND","SOD-323","","","C124208"
"DC1","1","24V/6.5A","","","Excluded from board","","1866-3321-ND","","","LRS-150 (150W)","C95193"
"F1","1","7A","","","","","","","","NANO 451",""
"FB1","1","50Ω@100Mhz","","","","","490-13269-1-ND","1206","","BLM31","C710524"
"FB2,FB3,FB4,FB5","4","60Ω at 100MHz","","","","","445-MPZ1608S600ATDH5CT-ND","0603","","MPZ","C307775"
"FID1,FID2,FID3","3","Fiducial","","Excluded from BOM","","","","","","",""
"H1","1","PB_1.25mm","","","","","WM7624CT-ND","","","PicoBlade 53261","C17393620"
"H2","1","MSTBA_0.2""","","","","","277-1106-ND","","","COMBICON MSTBA","C90074"
"H3,H4","2","MC_0.2""","","","","","277-6377-ND","","","COMBICON MC","C5355140"
"H5,H6","2","JST_PH","","","","","455-1721-ND","","","PH","C157926"
"H7,H8,H9","3","JST_XH","","","","","455-2243-ND","","","XH","C157925"
"J1","1","SS-3.5mm","","","","","2223-TB0011-350-04BE-ND","","","TB0011-350",""
"J2,J3,J4","3","BNC","","","","","A32259-ND","","","",""
"L1","1","10µ","","","","","SDR1307-100MLCT-ND","Nonstandard SMD","","","C49672242"
"M1","1","ESP32-C6-DEVKIT","","","","","1965-ESP32-C6-DEVKITC-1-N8-ND","Mezzanine","","ESP32-C","C20554022"
"M2","1","ATLAS_EZO_pH","","","","","5016-EZO-PH-ND","","","EZO",""
"M3","1","ATLAS_EZO_EC","","","","","5016-EZO-EC-ND","","","EZO",""
"M4","1","ATLAS_EZO_RTD","","","","","5016-EZO-RTD-ND","","","EZO",""
"MH1,MH2,MH3,MH4","4","M3","","Excluded from BOM","","","","","","",""
"P1","1","PB_1.25mm","","","Excluded from board","","WM1724-ND","","","PicoBlade 51021","C385105"
"P2","1","MSTB_0.2""","","","Excluded from board","","277-1011-ND","","","COMBICON MSTB","C90073"
"P3,P4","2","MC_0.2""","","","Excluded from board","","277-6146-ND","","","MC",""
"P5,P6","2","PHR_4","DNP","","Excluded from board","","455-1164-ND","","","PH",""
"P7,P8,P9","3","XH_2.5mm","","","Excluded from board","","455-2267-ND","","","XH","C144403"
"PR1","1","LiDAR","","","Excluded from board","","","","","TF",""
"PR2","1","BL_pH","","","Excluded from board","PROBPH","","","","",""
"PR3","1","BL_EC","","","Excluded from board","PROBPCEC","","","","",""
"PR4","1","ATLAS_RTD","","","Excluded from board","","5016-PT-1000-ND","","","",""
"PR5","1","LIGHT","DNP","","Excluded from board","","","","","",""
"PR6","1","BME280","DNP","","Excluded from board","","","","","",""
"PUMP1","1","DC40F-2460","","","Excluded from board","","","","","",""
"PUMP2,PUMP3,PUMP4","3","ANKO_A200SX","","","Excluded from board","","","","","",""
"R1,R10","2","100Ω","","","","","311-100CRCT-ND","0805","","RC_L","C105577"
"R2,R11","2","4k7","","","","","311-4.70KCRCT-ND","0805","","RC_L","C60816"
"R3,R4,R16,R17,R18,R19","6","2k2","","","","","311-2.20KCRCT-ND","0805","","RC_L","C114561"
"R5,R6,R9,R12,R15,R22,R23","7","10k","","","","","311-10.0KCRCT-ND","0805","","RC_L","C84376"
"R7","1","33k","","","","","13-RC0805FR-1333KLCT-ND","0805","","RC_L","C4245127"
"R8","1","1k","","","","","311-1.00KCRCT-ND","0805","","RC_L","C95781"
"R13","1","21k","","","","","311-21.0KCRCT-ND","0805","","RC_L","C137569"
"R14","1","52k3","","","","","311-52.3KCRCT-ND","0805","","RC_L","C273887"
"R20,R21","2","16k9","","","","","311-16.9KCRCT-ND","0805","","RC_L","C273834"
"R24,R26,R28","3","14k","","","","","13-RC0805FR-1014KLCT-ND","0805","","RC_L","C4347440"
"R25,R27,R29","3","10k7","","","","","311-10.7KCRCT-ND","0805","","RC_L","C273918"
"R30,R31,R32,R33,R34,R35","6","110mΩ","","","","","RL12S.11FCT-ND","0805","","RL","C2074624"
"SW1,SW2","2","FLOAT","","","Excluded from board","","","","","",""
"T1,T4","2","BT3904","","","","","MMBT3904LT1GOSCT-ND","SOT-23-3","","","C81464"
"T2","1","IRLR2905","","","","","IRLR2905PBFCT-ND","TO-252AA (DPAK)","","HEXFET","C3010"
"T3","1","AON6407","","","","","785-1421-1-ND","8-DFN (5x6)","","","C13899"
"T5","1","AO3400A","","","","","785-1000-1-ND","SOT-23-3","","","C20917"
"TP1,TP2,TP3,TP4,TP5,TP6","6","TestPoint","","","","","","","","",""
"U1","1","TPS62933","","","","","296-TPS62933DRLRCT-ND","SOT-583","","","C3200405"
"U2","1","AZ1117-3.3","","","","","AZ1117IH-3.3TRG1DICT-ND","SOT-223-3","","AZ1117I","C108495"
"U3,U4","2","ADM3260","","","","","505-ADM3260ARSZ-ND","20-SSOP","","IsoPower","C208558"
"U5,U6,U7","3","TMC2209","","","","","175-TMC2209-LA-TCT-ND","28-VFQFN Exposed Pad","","stallGuard","C2150710"
"V1","1","DIGITEN-24V","","","Excluded from board","","","","","",""
